OBJECTID,NAME,WARD,DATASOURCE,ID,sourceCountry,ENRICH_FID,aggregationMethod,populationToPolygonSizeRating,apportionmentConfidence,HasData,ACSTOTPOP,OCCBASE_CY,OCCMGMT_CY,OCCBUS_CY,OCCCOMP_CY,OCCARCH_CY,OCCSSCI_CY,OCCSSRV_CY,OCCLEGL_CY,OCCEDUC_CY,OCCENT_CY,OCCHTCH_CY,OCCHLTH_CY,OCCPROT_CY,OCCFOOD_CY,OCCBLDG_CY,OCCPERS_CY,OCCSALE_CY,OCCADMN_CY,OCCFARM_CY,OCCCONS_CY,OCCMAIN_CY,OCCPROD_CY,OCCTRAN_CY,CIVLBFR_CY,EMP_CY,INDBASE_CY,INDAGRI_CY,INDMIN_CY,INDCONS_CY,INDMANU_CY,INDWHTR_CY,INDRTTR_CY,INDTRAN_CY,INDUTIL_CY,INDINFO_CY,INDFIN_CY,INDRE_CY,INDTECH_CY,INDMGMT_CY,INDADMN_CY,INDEDUC_CY,INDHLTH_CY,INDARTS_CY,INDFOOD_CY,INDOTSV_CY,INDPUBL_CY,UNEMP_CY,UNEMPRT_CY,ACSCIVPOP,ACSVET,ACSNONVET
1,A Mountain,1,NEIGHBORHOODS,0,US,1,BlockApportionment:US.BlockGroups,2.191,2.576,1,2924,1320,20,58,0,0,0,10,0,70,32,46,0,147,246,65,0,84,324,0,99,0,56,63,1563,1320,1320,0,0,38,36,40,103,77,0,0,55,11,63,0,123,88,137,58,229,101,161,243,15.5,2412,113,2299
2,Adelanto,3,NEIGHBORHOODS,1,US,2,BlockApportionment:US.BlockGroups,2.191,2.576,1,419,112,1,5,1,0,0,2,0,5,2,3,0,5,21,17,0,2,7,2,18,7,9,6,131,112,112,3,2,19,0,0,5,3,2,3,1,0,2,0,15,7,10,1,26,10,3,18,13.8,269,8,261
3,Alvernon Heights,5,NEIGHBORHOODS,2,US,3,BlockApportionment:US.BlockGroups,2.191,2.576,1,332,125,9,0,0,0,0,0,0,15,0,2,9,0,14,10,5,33,2,0,0,0,8,18,156,125,125,2,0,0,6,5,24,0,0,3,9,0,0,0,3,13,8,10,33,8,0,31,19.9,233,7,226
4,Amphi,3,NEIGHBORHOODS,3,US,4,BlockApportionment:US.BlockGroups,2.191,2.576,1,7837,3360,155,46,56,35,19,24,5,120,43,181,76,51,311,366,139,445,463,7,215,98,228,278,3691,3360,3360,6,0,352,190,61,481,151,9,10,46,66,84,0,284,226,409,31,638,205,113,330,8.9,5753,339,5414
5,Armory Park,6,NEIGHBORHOODS,4,US,5,BlockApportionment:US.BlockGroups,2.191,2.576,1,1944,1079,87,33,22,21,28,39,37,193,49,70,3,19,106,50,37,65,135,2,37,17,10,19,1105,1079,1079,7,2,26,43,8,54,19,7,29,26,35,114,0,61,233,166,21,120,37,71,26,2.4,1685,111,1574
6,Arroyo Chico,5,NEIGHBORHOODS,5,US,6,BlockApportionment:US.BlockGroups,2.191,2.576,1,3125,1400,193,60,14,38,21,9,11,73,6,44,34,46,147,83,33,128,195,18,96,26,65,58,1455,1400,1400,15,0,154,109,6,124,25,24,23,29,0,70,0,127,107,252,30,161,97,49,54,3.7,2532,208,2324
7,Avondale,6,NEIGHBORHOODS,6,US,7,BlockApportionment:US.BlockGroups,2.191,2.576,1,1373,595,8,51,15,0,10,44,0,32,0,33,34,0,50,61,9,67,35,0,46,9,21,69,688,595,595,0,0,28,27,0,81,22,0,19,0,13,47,0,24,63,134,0,90,36,12,93,13.5,1141,186,955
8,Balboa Heights,3,NEIGHBORHOODS,7,US,8,BlockApportionment:US.BlockGroups,2.191,2.576,1,1665,755,11,21,0,0,13,0,0,24,3,0,28,88,155,29,11,104,68,0,65,14,56,64,877,755,755,0,0,73,4,54,94,13,11,0,17,12,13,0,44,49,90,10,164,21,85,122,13.9,1325,105,1220
9,Barrio Anita,1,NEIGHBORHOODS,8,US,9,BlockApportionment:US.BlockGroups,2.191,2.576,1,316,207,21,13,14,1,7,2,11,24,10,6,0,6,14,16,2,13,20,0,13,1,3,10,220,207,207,0,0,15,6,3,20,7,0,3,10,2,19,0,21,30,11,14,31,2,13,14,6.3,265,3,262
10,Barrio Blue Moon,3,NEIGHBORHOODS,9,US,10,BlockApportionment:US.BlockGroups,2.191,2.576,1,718,389,12,8,8,1,4,2,6,16,12,4,0,19,72,70,15,24,68,0,27,7,3,11,421,389,389,0,0,20,14,2,26,10,0,8,7,3,11,0,16,20,69,13,136,10,25,31,7.4,633,12,620
11,Barrio Centro,5,NEIGHBORHOODS,10,US,11,BlockApportionment:US.BlockGroups,2.191,2.576,1,1385,556,6,40,4,0,7,0,0,40,0,18,7,24,31,23,27,39,136,32,28,31,10,54,626,556,556,27,0,110,13,0,77,8,0,5,36,0,0,0,32,58,46,18,98,17,12,70,11.2,1063,31,1032
12,Barrio Hollywood,1,NEIGHBORHOODS,11,US,12,BlockApportionment:US.BlockGroups,2.191,2.576,1,2692,1117,42,27,4,8,0,22,16,92,19,53,65,30,74,109,44,129,119,0,109,23,69,63,1269,1117,1117,0,8,175,37,18,137,35,0,28,13,4,48,0,86,118,206,3,82,56,63,152,12,2042,141,1901
13,Barrio San Antonio,5,NEIGHBORHOODS,12,US,13,BlockApportionment:US.BlockGroups,2.191,2.576,1,272,167,15,9,4,7,2,13,8,26,5,9,0,5,13,5,7,8,11,1,8,4,3,3,169,167,167,3,0,7,2,0,11,3,0,2,6,1,23,0,10,37,32,1,13,8,9,2,1.2,245,18,227
14,Barrio Santa Rosa,5,NEIGHBORHOODS,13,US,14,BlockApportionment:US.BlockGroups,2.191,2.576,1,944,517,28,6,5,6,4,4,6,63,11,28,6,19,44,85,15,24,72,1,26,21,16,27,566,517,517,1,1,35,10,6,66,10,1,14,5,9,23,0,48,55,79,10,70,37,38,48,8.5,647,39,608
15,Barrio Viejo,6,NEIGHBORHOODS,14,US,15,BlockApportionment:US.BlockGroups,2.191,2.576,1,777,442,47,8,4,0,9,14,9,77,11,29,12,5,29,10,27,47,49,4,31,5,5,12,464,442,442,3,3,26,9,3,18,17,4,24,5,18,26,0,12,93,56,22,43,11,49,23,4.9,632,40,593
16,Bear Canyon,2,NEIGHBORHOODS,15,US,16,BlockApportionment:US.BlockGroups,2.191,2.576,1,2626,1104,156,79,73,35,13,6,59,88,4,115,17,54,46,17,45,79,123,0,30,19,18,26,1163,1104,1104,14,0,52,108,39,65,9,0,16,39,78,233,8,21,75,170,37,60,33,46,59,5.1,2040,203,1837
17,Blenman-Elm,6,NEIGHBORHOODS,16,US,17,BlockApportionment:US.BlockGroups,2.191,2.576,1,3252,1586,150,68,111,33,43,25,66,238,29,134,24,59,141,45,21,222,91,0,12,11,24,39,1686,1586,1586,16,2,22,72,14,197,58,2,1,5,39,225,0,51,374,223,27,153,22,83,100,5.9,2747,240,2507
18,Broadmoor-Broadway,6,NEIGHBORHOODS,17,US,18,BlockApportionment:US.BlockGroups,2.191,2.576,1,925,397,73,45,19,1,25,13,16,17,9,26,2,0,12,1,0,47,51,0,0,1,17,22,397,397,397,0,0,24,50,16,30,11,0,16,0,2,38,0,0,50,118,17,12,0,13,1,0.3,810,31,779
19,Broadway/Northeast,2,NEIGHBORHOODS,18,US,19,BlockApportionment:US.BlockGroups,2.191,2.576,1,744,330,44,12,9,2,0,21,0,48,0,35,5,0,0,26,0,22,89,0,0,1,17,0,352,330,330,0,0,0,21,0,38,0,20,3,15,9,21,0,54,44,73,0,9,2,21,21,6,577,66,511
20,Campbell-Grant,3,NEIGHBORHOODS,19,US,20,BlockApportionment:US.BlockGroups,2.191,2.576,1,934,660,43,34,14,3,7,12,5,87,13,67,14,2,64,41,10,35,78,0,62,15,23,32,733,660,660,1,0,66,39,15,48,14,0,5,54,3,56,0,37,126,132,8,41,10,3,73,10,803,54,749
21,Campus Farm,3,NEIGHBORHOODS,20,US,21,BlockApportionment:US.BlockGroups,2.191,2.576,1,6794,4037,262,157,64,106,68,21,44,323,113,233,116,97,620,104,135,396,647,0,122,60,66,283,4467,4037,4037,5,8,259,247,68,542,54,1,70,56,58,282,0,339,564,379,81,625,137,262,429,9.6,5917,291,5626
22,Catalina Vista,6,NEIGHBORHOODS,21,US,22,BlockApportionment:US.BlockGroups,2.191,2.576,1,723,388,35,11,17,18,30,4,25,53,9,24,8,0,47,11,0,37,29,0,2,3,15,11,410,388,388,12,5,2,36,5,7,2,0,0,19,29,49,0,11,88,46,10,53,10,4,22,5.4,640,33,607
23,Catalina Vista/Blenman-Elm,6,NEIGHBORHOODS,22,US,23,BlockApportionment:US.BlockGroups,2.191,2.576,1,111,60,3,2,3,1,2,1,3,3,2,3,5,0,14,6,0,10,3,0,1,0,0,0,61,60,60,0,0,1,6,1,0,0,0,0,0,8,12,0,7,5,11,0,8,2,0,1,1.6,103,11,92
24,Houghton South,4,NEIGHBORHOODS,23,US,24,BlockApportionment:US.BlockGroups,2.191,2.576,1,3652,2179,224,241,82,111,27,35,6,215,10,165,83,56,113,14,31,198,330,0,68,90,22,58,2265,2179,2179,12,4,135,185,15,159,77,31,33,194,85,151,0,55,308,390,4,116,42,183,85,3.8,2345,352,1993
25,Colonia Del Valle,6,NEIGHBORHOODS,24,US,25,BlockApportionment:US.BlockGroups,2.191,2.576,1,2042,1251,99,30,32,28,21,14,14,83,11,90,1,63,133,107,35,157,185,0,24,21,42,62,1351,1251,1251,8,0,20,78,15,182,56,7,27,15,10,91,0,85,101,183,26,179,91,80,100,7.4,1628,158,1470
26,Corbett,4,NEIGHBORHOODS,25,US,26,BlockApportionment:US.BlockGroups,2.191,2.576,1,6151,2813,90,28,28,53,17,37,40,158,32,142,51,133,172,287,154,265,538,0,154,187,46,201,3059,2813,2813,7,11,261,66,29,406,219,15,1,70,31,91,21,268,203,482,127,245,175,85,246,8,4734,471,4263
27,Cottonwood Manor,3,NEIGHBORHOODS,26,US,27,BlockApportionment:US.BlockGroups,2.191,2.576,1,313,149,11,3,0,0,0,0,0,9,0,7,0,2,8,8,4,15,42,0,12,0,11,17,160,149,149,0,0,15,11,3,28,23,0,0,0,2,7,0,7,8,23,0,14,3,3,11,6.9,245,14,231
28,Desert Palms Park,2,NEIGHBORHOODS,27,US,28,BlockApportionment:US.BlockGroups,2.191,2.576,1,265,164,21,3,13,7,5,5,7,13,3,14,15,7,10,8,3,12,11,0,0,0,0,7,164,164,164,0,1,4,3,2,14,8,0,0,0,0,25,0,16,10,40,3,10,11,14,0,0,242,26,216
29,Dietz,4,NEIGHBORHOODS,28,US,29,BlockApportionment:US.BlockGroups,2.191,2.576,1,8087,3848,196,116,128,0,20,59,44,196,17,100,166,102,288,301,157,372,932,0,167,132,71,286,4165,3848,3848,0,13,203,138,104,602,239,13,95,206,68,131,0,607,221,405,41,382,193,188,317,7.6,6225,623,5602
30,Dodge Flower,3,NEIGHBORHOODS,29,US,30,BlockApportionment:US.BlockGroups,2.191,2.576,1,2419,1122,40,35,2,8,11,2,1,101,25,76,47,2,143,149,24,92,243,0,21,41,12,48,1257,1122,1122,4,0,32,10,10,138,118,1,1,2,27,31,0,184,122,152,111,166,11,4,135,10.7,2043,144,1899
31,Doolen-Fruitvale,3,NEIGHBORHOODS,0,US,31,BlockApportionment:US.BlockGroups,2.191,2.576,1,1709,897,48,31,6,18,2,14,0,97,40,85,7,10,161,45,12,38,97,0,101,18,10,56,951,897,897,21,0,130,10,27,61,49,6,0,1,7,38,0,76,106,136,16,141,54,19,55,5.8,1264,101,1163
32,Drexel Park,5,NEIGHBORHOODS,1,US,32,BlockApportionment:US.BlockGroups,2.191,2.576,1,2517,1040,16,5,3,14,0,1,0,17,1,42,19,1,146,132,18,78,201,0,144,37,88,79,1159,1040,1040,0,6,208,56,9,96,30,27,4,11,16,24,0,165,35,124,4,156,62,9,119,10.3,1678,19,1660
33,Duffy,6,NEIGHBORHOODS,2,US,33,BlockApportionment:US.BlockGroups,2.191,2.576,1,967,554,37,26,0,34,0,15,53,74,23,47,19,6,25,3,8,38,42,0,34,13,8,51,600,554,554,0,0,16,22,0,15,10,0,0,9,4,127,0,0,101,100,12,55,30,54,45,7.5,859,66,793
34,Dunbar Spring,1,NEIGHBORHOODS,3,US,34,BlockApportionment:US.BlockGroups,2.191,2.576,1,1044,620,30,14,13,23,26,27,3,92,51,26,5,10,104,20,18,35,39,0,23,19,7,35,658,620,620,0,0,47,8,7,34,31,0,11,7,6,53,0,17,136,78,33,91,48,13,38,5.8,960,27,933
35,Eastside,2,NEIGHBORHOODS,4,US,35,BlockApportionment:US.BlockGroups,2.191,2.576,1,4058,2175,290,193,86,80,15,47,10,95,37,177,15,67,44,19,96,324,253,0,80,17,135,95,2274,2175,2175,0,0,116,250,14,365,109,0,60,63,22,141,0,85,150,343,60,114,154,129,99,4.4,3085,368,2717
36,El Gheko,2,NEIGHBORHOODS,5,US,36,BlockApportionment:US.BlockGroups,2.191,2.576,1,2085,750,115,28,18,9,0,31,0,77,0,88,12,6,14,52,18,72,170,0,14,2,25,0,806,750,750,0,0,38,32,0,63,0,56,5,24,33,46,0,92,71,165,8,64,8,47,55,6.8,1729,221,1509
37,El Conquistador,6,NEIGHBORHOODS,6,US,37,BlockApportionment:US.BlockGroups,2.191,2.576,1,149,85,2,1,5,2,2,0,1,11,1,3,5,0,0,2,0,20,19,0,0,3,2,6,87,85,85,0,0,0,11,17,6,4,0,2,0,4,4,0,0,13,16,0,2,0,5,2,2.3,134,5,129
38,El Cortez,3,NEIGHBORHOODS,7,US,38,BlockApportionment:US.BlockGroups,2.191,2.576,1,488,216,17,31,0,0,0,0,0,0,16,0,24,0,26,0,5,37,26,0,8,0,7,19,249,216,216,0,0,9,17,21,16,8,0,0,0,0,17,0,0,19,68,16,26,0,0,33,13.3,387,7,380
39,El Montevideo,6,NEIGHBORHOODS,8,US,39,BlockApportionment:US.BlockGroups,2.191,2.576,1,336,232,26,17,5,0,5,7,8,18,19,45,0,27,0,0,0,23,33,0,0,0,0,0,232,232,232,0,0,8,7,0,3,0,0,0,17,23,15,0,22,78,54,0,0,0,5,0,0,304,18,286
40,El Presidio,1,NEIGHBORHOODS,9,US,40,BlockApportionment:US.BlockGroups,2.191,2.576,1,583,279,17,9,10,8,8,6,9,33,16,16,1,2,35,25,6,10,55,0,5,1,1,5,346,279,279,0,0,6,7,1,25,5,0,2,4,2,42,0,15,54,25,7,48,15,19,67,19.4,519,28,491
41,El Rio Acres,1,NEIGHBORHOODS,10,US,41,BlockApportionment:US.BlockGroups,2.191,2.576,1,2022,724,7,20,7,0,0,12,0,43,9,15,26,24,132,71,16,53,55,5,83,56,53,37,863,724,724,7,5,103,28,0,81,19,5,10,17,0,20,0,47,42,94,3,174,47,20,139,16.1,1378,58,1320
42,Elvira,1,NEIGHBORHOODS,11,US,42,BlockApportionment:US.BlockGroups,2.191,2.576,1,3318,1293,19,34,13,0,0,16,5,76,6,6,34,76,56,86,94,28,241,0,188,55,103,157,1542,1293,1293,0,6,180,51,25,121,55,17,9,61,8,53,0,111,158,219,6,54,70,89,249,16.1,2400,138,2262
43,Enchanted Hills,1,NEIGHBORHOODS,12,US,43,BlockApportionment:US.BlockGroups,2.191,2.576,1,1555,667,15,18,0,0,0,0,0,20,0,37,22,61,55,58,18,52,113,0,40,0,32,126,685,667,667,0,0,54,25,10,125,72,0,0,0,10,27,6,76,29,93,7,76,0,59,17,2.5,1099,143,957
44,Flowing Wells,1,NEIGHBORHOODS,13,US,44,BlockApportionment:US.BlockGroups,2.191,2.576,1,9417,3341,126,25,46,33,5,49,14,67,25,168,47,26,134,464,124,393,474,0,466,130,215,310,3702,3341,3341,0,26,589,229,95,409,157,19,64,35,101,157,0,477,90,274,20,226,240,133,360,9.7,6783,627,6156
45,Glenn Heights,2,NEIGHBORHOODS,14,US,45,BlockApportionment:US.BlockGroups,2.191,2.576,1,504,172,15,3,3,0,5,11,11,12,4,24,3,2,7,2,5,32,14,0,5,4,1,11,184,172,172,0,0,14,5,4,33,0,0,3,0,1,16,0,1,23,51,11,3,2,4,12,6.5,424,60,364
46,Country Glenn,3,NEIGHBORHOODS,15,US,46,BlockApportionment:US.BlockGroups,2.191,2.576,1,1445,829,127,22,11,21,12,17,7,103,12,41,25,8,17,116,8,118,79,0,30,17,27,12,885,829,829,50,0,34,11,12,99,5,2,5,0,5,62,14,86,124,137,10,112,29,32,56,6.3,1263,105,1159
47,Groves Lincoln Park,4,NEIGHBORHOODS,16,US,47,BlockApportionment:US.BlockGroups,2.191,2.576,1,5331,2327,130,130,60,23,0,38,0,139,57,177,43,64,151,82,78,213,524,0,187,28,103,100,2672,2327,2327,0,0,207,197,17,282,87,12,34,85,24,135,0,169,202,326,43,271,59,177,345,12.9,4114,639,3475
48,Harlan Heights,6,NEIGHBORHOODS,17,US,48,BlockApportionment:US.BlockGroups,2.191,2.576,1,1850,562,53,9,11,0,6,20,0,60,16,55,20,1,30,48,54,103,34,0,15,15,8,6,584,562,562,0,0,17,3,2,57,6,0,4,60,0,17,2,66,96,121,12,30,54,14,22,3.8,1357,126,1232
49,Old Spanish Trail,4,NEIGHBORHOODS,18,US,49,BlockApportionment:US.BlockGroups,2.191,2.576,1,3018,1833,155,37,23,93,1,86,0,38,24,195,46,57,188,45,97,225,143,0,57,100,82,141,1914,1833,1833,1,0,80,101,3,289,121,18,11,34,94,131,0,0,99,382,39,159,117,154,81,4.2,2309,290,2019
50,Hedrick Acres,3,NEIGHBORHOODS,19,US,50,BlockApportionment:US.BlockGroups,2.191,2.576,1,3744,2170,117,82,60,37,34,29,23,245,38,124,39,36,511,57,89,268,142,0,70,55,31,82,2254,2170,2170,0,6,120,76,7,335,39,0,46,48,21,163,0,75,370,213,77,513,60,0,84,3.7,3185,125,3060
51,Highland Vista Cinco Via,6,NEIGHBORHOODS,20,US,51,BlockApportionment:US.BlockGroups,2.191,2.576,1,670,409,55,39,13,18,0,4,0,29,1,30,0,4,11,4,21,58,85,0,33,1,3,1,413,409,409,0,0,62,41,1,42,0,6,2,56,0,7,0,11,54,55,5,15,27,24,4,1,527,30,497
52,Houghton East,2,NEIGHBORHOODS,21,US,52,BlockApportionment:US.BlockGroups,2.191,2.576,1,4341,1990,269,77,76,85,19,33,50,182,41,155,27,47,96,40,114,227,224,27,32,121,25,24,2037,1990,1990,27,0,78,188,83,202,46,0,6,115,31,211,8,12,295,245,44,118,130,153,47,2.3,3657,710,2947
53,Iron Horse,6,NEIGHBORHOODS,22,US,53,BlockApportionment:US.BlockGroups,2.191,2.576,1,508,412,38,14,12,3,27,28,1,61,32,8,1,6,47,5,17,30,47,0,4,8,0,20,418,412,412,1,0,15,13,13,42,16,0,5,9,3,44,0,3,104,34,36,37,27,9,6,1.4,443,15,428
54,Ironwood Ridge,1,NEIGHBORHOODS,23,US,54,BlockApportionment:US.BlockGroups,2.191,2.576,1,165,77,5,2,2,2,1,1,1,7,4,3,3,4,5,2,3,7,11,0,7,2,2,2,86,77,77,0,0,6,6,1,8,1,2,2,0,2,3,0,6,13,11,3,5,4,5,9,10.5,128,13,114
55,Jefferson Park,3,NEIGHBORHOODS,24,US,55,BlockApportionment:US.BlockGroups,2.191,2.576,1,3021,1258,34,50,22,4,125,11,17,225,84,89,1,7,144,1,50,128,220,0,12,8,15,12,1329,1258,1258,3,1,30,53,0,169,18,5,44,7,6,60,0,46,405,156,49,121,62,23,71,5.3,2927,66,2861
56,Julia Keen,5,NEIGHBORHOODS,25,US,56,BlockApportionment:US.BlockGroups,2.191,2.576,1,3906,1961,37,49,21,25,1,21,0,105,14,123,3,90,108,123,42,81,330,5,136,54,338,255,2167,1961,1961,5,0,297,114,93,224,43,15,4,87,21,46,0,227,141,171,4,204,179,87,206,9.5,3298,358,2939
57,Keeling,3,NEIGHBORHOODS,26,US,57,BlockApportionment:US.BlockGroups,2.191,2.576,1,4270,1803,65,56,36,44,41,17,8,44,58,21,157,105,212,137,56,217,196,0,27,219,25,62,2193,1803,1803,0,0,179,80,19,282,71,0,13,4,66,85,0,162,114,316,57,238,56,61,390,17.8,3315,164,3151
58,La Madera,3,NEIGHBORHOODS,27,US,58,BlockApportionment:US.BlockGroups,2.191,2.576,1,1104,577,87,1,6,18,7,6,7,92,10,83,4,1,14,2,4,33,136,0,25,9,19,14,605,577,577,2,0,27,22,5,99,11,1,10,21,0,31,7,3,141,134,5,32,10,15,28,4.6,999,99,900
59,Lakeside Park,4,NEIGHBORHOODS,28,US,59,BlockApportionment:US.BlockGroups,2.191,2.576,1,5145,2511,148,62,32,9,27,9,18,99,48,122,51,88,105,99,117,308,728,0,146,109,72,114,2729,2511,2511,0,6,260,131,47,231,225,17,82,96,23,72,0,225,142,300,66,224,169,195,218,8,3868,613,3255
60,Las Vistas,5,NEIGHBORHOODS,29,US,60,BlockApportionment:US.BlockGroups,2.191,2.576,1,2920,1401,45,14,2,9,0,43,0,26,22,30,21,6,152,220,135,121,107,0,188,64,141,56,1501,1401,1401,0,4,173,83,21,123,49,9,10,14,6,22,0,209,59,199,29,188,143,58,100,6.7,1940,53,1887
61,Limberlost,3,NEIGHBORHOODS,0,US,61,BlockApportionment:US.BlockGroups,2.191,2.576,1,2765,1845,82,137,21,38,24,19,12,126,37,60,22,90,161,107,169,225,190,14,32,75,78,126,1950,1845,1845,0,0,110,91,76,243,56,0,22,47,7,133,0,148,226,218,74,216,107,71,105,5.4,2428,230,2198
62,Garden District,6,NEIGHBORHOODS,1,US,62,BlockApportionment:US.BlockGroups,2.191,2.576,1,6619,2998,171,97,28,46,88,82,17,104,26,83,35,57,451,98,269,436,453,0,58,200,95,103,3337,2998,2998,11,9,116,161,56,425,180,16,47,140,53,172,0,172,173,350,32,547,250,89,339,10.2,5293,455,4838
63,Midvale Park,1,NEIGHBORHOODS,2,US,63,BlockApportionment:US.BlockGroups,2.191,2.576,1,13641,6504,293,286,129,134,58,42,0,98,69,303,225,224,263,345,381,791,1405,59,396,280,327,397,7002,6504,6504,49,49,500,412,131,739,415,96,36,138,95,162,0,674,467,1156,277,444,234,431,498,7.1,9230,572,8658
64,Miracle Manor,3,NEIGHBORHOODS,3,US,64,BlockApportionment:US.BlockGroups,2.191,2.576,1,2819,1523,18,84,29,24,29,22,0,0,36,4,0,39,265,278,46,83,234,0,119,48,137,28,1663,1523,1523,0,0,142,71,0,63,85,20,49,92,18,55,0,312,88,144,4,318,20,42,140,8.4,2388,81,2307
65,Miramonte,6,NEIGHBORHOODS,4,US,65,BlockApportionment:US.BlockGroups,2.191,2.576,1,3351,1898,87,23,59,42,84,7,51,236,38,165,55,16,193,171,42,206,241,0,24,40,15,104,2155,1898,1898,0,0,28,64,13,258,91,1,2,86,63,163,0,39,397,325,30,206,79,52,258,12,2611,134,2477
66,Mitman,6,NEIGHBORHOODS,5,US,66,BlockApportionment:US.BlockGroups,2.191,2.576,1,1129,561,36,44,54,0,30,42,0,14,15,7,1,0,68,14,104,43,60,0,12,1,5,8,577,561,561,0,0,18,5,9,11,4,0,6,18,0,23,13,14,23,118,11,102,116,70,17,2.9,799,55,745
67,Mortimore,5,NEIGHBORHOODS,6,US,67,BlockApportionment:US.BlockGroups,2.191,2.576,1,1026,519,15,14,0,8,0,29,0,9,0,16,2,15,55,28,39,54,130,0,42,40,17,6,531,519,519,0,0,47,13,2,107,1,1,8,12,1,10,0,60,24,52,0,64,56,61,12,2.3,607,50,558
68,Mountain First Avenue,3,NEIGHBORHOODS,7,US,68,BlockApportionment:US.BlockGroups,2.191,2.576,1,1752,875,21,34,1,17,97,8,13,112,95,52,0,0,71,1,4,91,180,0,29,27,18,4,883,875,875,0,0,64,19,0,126,16,8,44,0,8,109,0,4,221,94,16,72,66,10,8,0.9,1668,32,1635
69,Mountain View,3,NEIGHBORHOODS,8,US,69,BlockApportionment:US.BlockGroups,2.191,2.576,1,898,646,35,61,13,15,1,13,1,72,4,22,3,16,42,19,5,130,73,0,15,25,64,18,719,646,646,0,0,41,64,0,169,38,11,17,1,3,23,0,44,88,53,12,57,22,4,73,10.2,768,145,623
70,Myers,5,NEIGHBORHOODS,9,US,70,BlockApportionment:US.BlockGroups,2.191,2.576,1,5013,2235,204,57,26,3,16,12,1,80,32,73,57,46,220,227,82,357,356,0,92,40,128,120,2451,2235,2235,10,1,139,133,43,277,89,14,24,100,65,91,0,216,138,203,67,432,95,94,216,8.8,3757,272,3484
71,Naylor,5,NEIGHBORHOODS,10,US,71,BlockApportionment:US.BlockGroups,2.191,2.576,1,1219,448,0,0,0,0,0,47,0,15,0,0,0,0,97,15,33,0,92,43,0,0,68,38,477,448,448,37,0,0,0,0,94,0,0,0,0,0,0,0,0,71,165,30,51,0,0,29,6.1,796,119,677
72,North Dodge,3,NEIGHBORHOODS,11,US,72,BlockApportionment:US.BlockGroups,2.191,2.576,1,2173,915,35,52,37,8,33,12,0,90,6,47,1,43,73,63,49,50,141,0,44,3,64,67,1029,915,915,0,0,88,61,51,77,12,14,6,15,23,66,0,103,96,118,1,87,43,55,114,11.1,1681,160,1521
73,North University,6,NEIGHBORHOODS,12,US,73,BlockApportionment:US.BlockGroups,2.191,2.576,1,2127,1079,63,98,7,5,11,1,11,178,29,23,12,27,174,3,18,56,275,0,6,1,59,22,1284,1079,1079,8,0,19,30,0,66,34,71,8,71,25,121,0,14,252,101,48,173,4,36,205,16,2047,67,1980
74,Oak Flower,3,NEIGHBORHOODS,13,US,74,BlockApportionment:US.BlockGroups,2.191,2.576,1,2299,1232,33,27,1,0,1,1,5,107,29,130,9,18,99,36,136,91,167,0,90,56,104,90,1365,1232,1232,0,0,101,30,1,96,52,0,26,5,11,48,0,144,104,301,5,205,101,3,134,9.8,1899,159,1740
75,Old Fort Lowell,2,NEIGHBORHOODS,14,US,75,BlockApportionment:US.BlockGroups,2.191,2.576,1,2166,1194,167,49,62,46,48,20,14,116,22,118,16,30,73,7,43,119,129,0,42,21,18,33,1240,1194,1194,0,3,62,65,7,91,13,5,22,69,39,131,0,25,237,246,22,87,31,39,45,3.6,1932,189,1743
76,Palo Verde,6,NEIGHBORHOODS,15,US,76,BlockApportionment:US.BlockGroups,2.191,2.576,1,5171,2677,329,67,66,8,57,72,16,303,60,133,45,72,301,82,92,261,406,0,83,24,75,126,2934,2677,2677,5,0,119,85,47,361,80,15,42,129,65,128,0,151,457,327,53,393,114,105,257,8.8,4218,246,3971
77,Panorama Estates,1,NEIGHBORHOODS,16,US,77,BlockApportionment:US.BlockGroups,2.191,2.576,1,72,54,7,2,0,0,1,2,1,2,0,4,2,2,0,2,7,2,9,0,1,4,3,3,59,54,54,0,0,5,1,3,5,0,0,1,0,1,4,0,6,3,10,0,0,3,11,5,8.5,66,2,65
78,Westside Development,1,NEIGHBORHOODS,17,US,78,BlockApportionment:US.BlockGroups,2.191,2.576,1,4301,2464,133,92,39,97,50,26,62,89,30,181,33,173,78,137,117,203,414,0,173,21,87,229,2539,2464,2464,0,10,186,130,12,335,116,5,53,78,48,174,5,136,201,356,18,157,184,260,75,3,3248,381,2867
79,Parkway Terrace,5,NEIGHBORHOODS,18,US,79,BlockApportionment:US.BlockGroups,2.191,2.576,1,279,108,2,7,0,0,2,0,0,6,0,4,2,4,4,4,2,3,28,11,10,8,0,10,129,108,108,9,0,18,0,0,16,3,0,0,7,0,0,0,8,12,7,6,18,4,0,21,16.3,200,9,192
80,Peter Howell,6,NEIGHBORHOODS,19,US,80,BlockApportionment:US.BlockGroups,2.191,2.576,1,2142,871,200,49,23,58,2,20,3,104,21,65,22,2,62,60,52,20,72,0,2,24,1,12,951,871,871,0,0,2,42,39,44,14,15,2,24,15,120,0,29,170,152,48,97,37,21,80,8.4,1626,253,1373
81,Pie Allen,6,NEIGHBORHOODS,20,US,81,BlockApportionment:US.BlockGroups,2.191,2.576,1,469,324,26,7,2,6,10,6,4,73,20,5,7,4,53,15,19,5,50,0,2,2,5,2,366,324,324,1,0,3,6,1,31,2,0,24,11,3,35,0,8,95,21,18,47,12,7,42,11.5,441,16,426
82,Poets Square,6,NEIGHBORHOODS,21,US,82,BlockApportionment:US.BlockGroups,2.191,2.576,1,909,684,52,28,54,83,114,1,2,61,38,63,10,1,12,29,23,27,59,0,1,24,0,1,693,684,684,0,0,1,5,1,44,44,13,1,2,1,189,0,13,110,195,7,20,25,15,9,1.3,779,34,746
83,RillitoBend,3,NEIGHBORHOODS,22,US,83,BlockApportionment:US.BlockGroups,2.191,2.576,1,1545,895,53,25,31,6,20,28,43,76,61,29,45,16,74,0,40,187,121,0,5,5,3,28,999,895,895,0,0,4,27,28,132,14,0,16,21,19,50,2,3,185,124,55,69,34,112,104,10.4,1386,98,1288
84,Pueblo Gardens,5,NEIGHBORHOODS,23,US,84,BlockApportionment:US.BlockGroups,2.191,2.576,1,1646,885,10,18,2,3,0,10,0,28,9,28,42,14,42,142,69,90,86,1,160,40,40,50,983,885,885,1,2,167,29,10,64,44,1,3,12,10,7,0,101,75,135,49,71,76,31,98,10,1294,32,1262
85,Richland Heights East,3,NEIGHBORHOODS,24,US,85,BlockApportionment:US.BlockGroups,2.191,2.576,1,479,317,15,4,7,19,20,13,4,29,8,42,3,7,10,0,15,23,50,0,18,12,7,10,347,317,317,0,0,17,20,2,56,0,0,3,2,7,46,4,12,39,71,1,9,12,15,30,8.6,399,42,356
86,Richland Heights West,3,NEIGHBORHOODS,25,US,86,BlockApportionment:US.BlockGroups,2.191,2.576,1,738,349,46,18,12,4,25,7,0,57,39,29,0,0,25,0,13,61,10,0,3,0,0,0,354,349,349,0,0,15,25,9,76,0,0,4,0,6,10,0,8,107,59,5,17,8,0,5,1.4,615,17,598
87,Rillito,2,NEIGHBORHOODS,26,US,87,BlockApportionment:US.BlockGroups,2.191,2.576,1,1041,941,108,0,72,26,18,40,3,55,14,114,75,9,35,47,11,164,111,0,3,8,15,13,975,941,941,0,0,3,42,1,103,17,0,48,58,45,93,0,71,151,229,2,21,10,47,34,3.5,829,84,745
88,Rincon Heights,6,NEIGHBORHOODS,27,US,88,BlockApportionment:US.BlockGroups,2.191,2.576,1,2300,1371,65,72,7,18,53,30,1,294,58,73,21,6,98,32,134,97,222,0,33,24,21,12,1472,1371,1371,3,5,39,18,3,179,27,5,56,31,4,65,0,59,466,79,47,131,148,6,101,6.9,2189,63,2126
89,Rita Ranch,4,NEIGHBORHOODS,28,US,89,BlockApportionment:US.BlockGroups,2.191,2.576,1,16311,8679,733,481,334,441,16,170,68,519,60,570,159,521,442,233,346,814,1534,11,146,360,301,418,9092,8679,8679,5,49,237,813,294,942,512,110,75,445,146,415,0,485,706,1438,161,538,350,959,413,4.5,11349,1936,9413
90,Roberts,5,NEIGHBORHOODS,29,US,90,BlockApportionment:US.BlockGroups,2.191,2.576,1,2495,944,49,30,24,13,1,40,0,67,1,14,13,1,167,80,45,169,69,1,54,10,70,26,1138,944,944,28,0,62,90,7,174,15,1,17,45,1,1,0,72,73,49,13,217,29,51,194,17,1792,150,1643
91,Rose,1,NEIGHBORHOODS,0,US,91,BlockApportionment:US.BlockGroups,2.191,2.576,1,2073,807,34,0,0,1,0,57,0,15,0,4,41,37,70,46,26,119,123,0,114,20,61,39,859,807,807,0,0,143,67,30,44,50,0,20,0,1,20,0,23,36,180,12,64,57,59,53,6.2,1636,120,1516
92,Rosemont West,6,NEIGHBORHOODS,1,US,92,BlockApportionment:US.BlockGroups,2.191,2.576,1,1903,701,44,28,1,27,15,47,12,56,30,2,7,0,71,14,67,97,69,0,8,53,55,1,733,701,701,0,0,33,40,0,103,15,7,38,15,25,54,0,14,61,118,37,105,2,34,32,4.4,1381,194,1186
93,Saguaro Miraflores,1,NEIGHBORHOODS,2,US,93,BlockApportionment:US.BlockGroups,2.191,2.576,1,608,314,33,11,12,17,0,9,13,51,6,17,0,16,9,5,10,31,40,0,12,17,0,3,326,314,314,0,0,26,11,2,34,5,0,3,3,0,15,0,9,94,25,0,10,10,67,11,3.4,515,71,444
94,Sam Hughes,6,NEIGHBORHOODS,3,US,94,BlockApportionment:US.BlockGroups,2.191,2.576,1,5279,2539,180,95,79,29,139,29,97,536,98,82,32,100,139,26,74,335,275,0,56,48,38,52,2717,2539,2539,41,0,86,114,140,158,19,14,48,66,18,255,0,65,816,224,84,181,61,149,177,6.5,4646,119,4527
95,Samos,3,NEIGHBORHOODS,4,US,95,BlockApportionment:US.BlockGroups,2.191,2.576,1,1043,623,28,7,4,19,57,9,8,76,86,66,2,0,43,5,6,21,126,0,25,20,11,4,636,623,623,0,0,43,25,1,64,14,9,43,5,8,91,0,10,148,87,12,34,18,11,12,1.9,938,10,928
96,San Carlos,2,NEIGHBORHOODS,5,US,96,BlockApportionment:US.BlockGroups,2.191,2.576,1,217,89,1,1,0,0,5,2,1,4,2,7,3,5,7,7,10,9,18,0,0,0,0,6,97,89,89,0,2,0,1,6,13,0,0,3,3,4,8,0,8,7,13,1,7,10,3,9,9.2,184,14,171
97,San Clemente,6,NEIGHBORHOODS,6,US,97,BlockApportionment:US.BlockGroups,2.191,2.576,1,780,302,46,32,17,18,11,0,21,16,10,31,8,9,10,4,12,9,45,0,0,0,2,0,309,302,302,0,0,2,51,0,37,0,0,14,31,5,22,0,3,26,46,5,11,18,30,7,2.3,582,26,556
98,San Gabriel,6,NEIGHBORHOODS,7,US,98,BlockApportionment:US.BlockGroups,2.191,2.576,1,881,442,107,27,7,8,5,1,8,10,37,35,5,4,7,27,22,19,96,0,0,1,14,2,486,442,442,0,0,14,46,1,30,0,0,7,53,31,10,0,21,73,54,33,15,20,34,45,9.2,649,24,625
99,San Ignacio Yaqui,3,NEIGHBORHOODS,8,US,99,BlockApportionment:US.BlockGroups,2.191,2.576,1,578,187,1,5,1,0,0,2,0,5,4,3,0,9,39,33,3,6,21,2,24,9,9,8,212,187,187,3,2,23,3,0,9,5,2,4,2,0,2,0,17,8,27,3,57,13,8,25,11.8,406,11,394
100,Santa Cruz Southwest,1,NEIGHBORHOODS,9,US,100,BlockApportionment:US.BlockGroups,2.191,2.576,1,2903,1252,38,15,1,28,0,0,0,21,2,21,69,12,110,178,41,156,158,0,218,43,15,126,1396,1252,1252,7,0,310,10,36,206,70,25,0,21,20,3,0,68,91,115,9,159,65,36,145,10.4,2053,74,1979
101,Santa Rita Park - West Ochoa,5,NEIGHBORHOODS,10,US,101,BlockApportionment:US.BlockGroups,2.191,2.576,1,1639,859,23,11,15,25,2,14,19,72,16,55,17,29,86,121,37,44,82,0,59,22,36,72,939,859,859,0,1,72,31,16,88,7,6,13,12,14,34,0,124,65,110,8,110,91,57,81,8.6,1206,38,1169
102,Sewell,6,NEIGHBORHOODS,11,US,102,BlockApportionment:US.BlockGroups,2.191,2.576,1,950,381,28,7,11,10,0,4,12,28,0,11,5,0,21,74,3,50,74,0,19,3,4,17,407,381,381,0,0,25,4,6,66,21,0,7,5,3,33,0,71,52,16,7,43,9,13,26,6.4,758,66,692
103,South Harrison,4,NEIGHBORHOODS,12,US,103,BlockApportionment:US.BlockGroups,2.191,2.576,1,5888,3118,203,115,69,66,10,110,32,125,41,298,111,152,209,54,81,341,457,0,156,212,148,129,3325,3118,3118,0,16,228,192,33,420,141,25,68,141,72,287,8,100,214,455,83,178,184,273,206,6.2,4748,741,4007
104,South Park,5,NEIGHBORHOODS,13,US,104,BlockApportionment:US.BlockGroups,2.191,2.576,1,3087,1377,1,1,16,1,0,55,1,57,19,1,37,10,45,160,59,182,289,0,216,59,46,122,1481,1377,1377,0,10,217,75,15,308,77,0,2,13,4,15,0,131,108,185,33,73,30,79,104,7,2269,65,2204
105,Cabrini,3,NEIGHBORHOODS,14,US,105,BlockApportionment:US.BlockGroups,2.191,2.576,1,1829,1148,87,56,15,4,9,55,0,72,12,53,30,32,59,16,98,117,176,0,79,115,14,46,1225,1148,1148,0,0,80,32,10,161,111,7,3,10,13,37,0,87,108,290,16,96,37,49,77,6.3,1487,141,1346
106,Starr Pass,1,NEIGHBORHOODS,15,US,106,BlockApportionment:US.BlockGroups,2.191,2.576,1,1961,931,138,51,1,53,7,0,38,67,9,82,6,47,28,14,60,58,125,0,2,41,58,45,970,931,931,0,0,105,45,22,93,21,37,26,13,12,88,0,29,69,188,14,38,46,83,40,4.1,1684,254,1430
107,Stella Mann,4,NEIGHBORHOODS,16,US,107,BlockApportionment:US.BlockGroups,2.191,2.576,1,5116,2169,58,54,29,21,40,26,4,82,13,120,79,42,181,213,87,313,366,4,90,67,137,144,2346,2169,2169,17,11,93,86,66,402,54,11,18,52,48,141,0,199,112,465,15,223,83,73,177,7.5,3640,392,3248
108,Sunnyside,1,NEIGHBORHOODS,17,US,108,BlockApportionment:US.BlockGroups,2.191,2.576,1,16643,5971,197,173,40,20,33,106,0,285,47,79,238,110,475,491,229,644,945,13,603,252,374,617,6555,5971,5971,11,64,716,385,145,790,353,51,71,201,110,143,0,477,565,715,196,391,325,260,584,8.9,11616,426,11190
109,Sunset Villa,1,NEIGHBORHOODS,18,US,109,BlockApportionment:US.BlockGroups,2.191,2.576,1,1136,414,14,0,0,0,0,6,0,10,0,14,22,18,65,57,16,26,30,0,59,9,57,12,489,414,414,0,4,62,40,0,43,0,0,0,0,0,3,0,34,37,64,8,87,16,15,75,15.3,903,112,791
110,Swan Way Park,6,NEIGHBORHOODS,19,US,110,BlockApportionment:US.BlockGroups,2.191,2.576,1,899,630,36,30,88,4,22,3,1,41,2,41,9,0,79,41,4,90,61,0,61,2,5,10,655,630,630,0,0,51,27,42,40,4,1,0,41,19,33,0,52,70,141,2,76,6,25,24,3.7,714,88,626
111,Terra Del Sol,4,NEIGHBORHOODS,20,US,111,BlockApportionment:US.BlockGroups,2.191,2.576,1,4608,2232,174,56,23,0,31,21,0,82,40,99,102,108,204,60,113,196,426,0,144,145,118,88,2426,2232,2232,0,18,118,119,9,288,124,8,62,101,71,143,0,140,167,254,24,259,100,226,194,8,3623,301,3322
112,Thunderbird Heights/Wilmot Desert Esta,6,NEIGHBORHOODS,21,US,112,BlockApportionment:US.BlockGroups,2.191,2.576,1,750,459,49,22,20,0,17,10,0,33,16,12,1,0,99,6,21,36,55,0,31,0,11,18,471,459,459,0,0,48,11,23,23,10,0,16,11,0,25,0,31,54,72,8,93,31,1,12,2.5,621,17,604
113,Tucson Park West #1,1,NEIGHBORHOODS,22,US,113,BlockApportionment:US.BlockGroups,2.191,2.576,1,1183,670,66,0,18,7,5,11,0,10,10,86,34,5,155,25,25,62,65,0,17,12,39,18,720,670,670,0,0,31,55,0,72,8,0,16,35,18,24,0,33,45,126,20,145,22,22,50,6.9,1053,87,966
114,Vista Del Monte,2,NEIGHBORHOODS,23,US,114,BlockApportionment:US.BlockGroups,2.191,2.576,1,1771,814,52,5,2,1,44,21,14,61,12,61,33,46,41,40,58,88,163,0,1,1,1,67,872,814,814,0,14,1,31,33,107,33,0,19,27,27,93,0,48,61,147,6,40,68,60,58,6.7,1485,109,1376
115,Wakefield,5,NEIGHBORHOODS,24,US,115,BlockApportionment:US.BlockGroups,2.191,2.576,1,4540,1849,70,18,0,5,0,3,0,111,1,33,45,13,206,185,80,206,110,18,396,81,115,155,2026,1849,1849,0,10,475,75,47,229,9,0,33,38,22,6,0,187,150,192,38,213,91,33,177,8.7,3362,176,3186
116,West University,6,NEIGHBORHOODS,25,US,116,BlockApportionment:US.BlockGroups,2.191,2.576,1,4924,2139,120,66,67,51,96,54,3,325,77,69,43,31,420,51,78,191,300,0,2,19,12,62,2350,2139,2139,4,4,13,61,45,216,65,0,42,76,20,135,0,55,566,169,81,465,64,56,211,9,4810,99,4710
117,Western Hills II,5,NEIGHBORHOODS,26,US,117,BlockApportionment:US.BlockGroups,2.191,2.576,1,1276,509,6,29,5,6,0,7,0,114,0,0,40,0,24,42,48,25,22,0,37,20,9,74,580,509,509,0,19,13,7,34,62,0,0,9,27,0,0,0,23,77,101,0,50,86,0,71,12.2,737,4,734
118,Wilshire Heights,6,NEIGHBORHOODS,27,US,118,BlockApportionment:US.BlockGroups,2.191,2.576,1,268,160,26,7,10,3,0,3,5,10,2,9,0,15,10,13,6,19,16,0,3,0,0,2,188,160,160,3,0,4,8,0,18,1,2,6,1,3,20,0,5,22,22,0,16,7,21,27,14.4,241,21,220
119,Rancho Perdido Estates,2,NEIGHBORHOODS,28,US,119,BlockApportionment:US.BlockGroups,2.191,2.576,1,70,35,2,4,2,1,1,0,1,3,0,4,0,3,2,1,1,1,6,0,1,0,0,1,36,35,35,0,0,2,3,1,3,2,0,0,1,1,5,0,2,5,6,0,2,0,3,1,2.8,54,7,47
120,Mesquite Ranch,4,NEIGHBORHOODS,29,US,120,BlockApportionment:US.BlockGroups,2.191,2.576,1,2401,830,85,92,31,42,10,13,2,82,4,63,32,21,43,5,12,75,126,0,26,34,9,22,862,830,830,5,1,51,70,6,61,29,12,12,74,33,58,0,21,117,149,2,44,16,70,33,3.8,1542,231,1310
121,Desert Aire/Loma Linda,6,NEIGHBORHOODS,0,US,121,BlockApportionment:US.BlockGroups,2.191,2.576,1,606,230,28,13,8,7,5,7,5,5,6,12,0,0,20,0,16,37,18,0,20,14,4,5,230,230,230,0,3,22,0,0,37,9,8,0,0,3,25,0,0,11,55,0,20,13,25,0,0,418,20,398
122,Millville,5,NEIGHBORHOODS,1,US,122,BlockApportionment:US.BlockGroups,2.191,2.576,1,194,99,6,3,2,3,1,6,5,8,2,5,1,4,7,3,5,6,9,0,8,2,7,7,106,99,99,1,0,9,3,1,10,2,1,1,2,2,8,0,7,14,16,1,6,6,9,6,5.7,151,9,142
123,Sombras Del Cerro,1,NEIGHBORHOODS,2,US,123,BlockApportionment:US.BlockGroups,2.191,2.576,0,0,0,0,0,0,0,0,0,0,0,0,0,0,0,0,0,0,0,0,0,0,0,0,0,0,0,0,0,0,0,0,0,0,0,0,0,0,0,0,0,0,0,0,0,0,0,0,0,0,0,0,0
124,Rancho Buena,5,NEIGHBORHOODS,3,US,124,BlockApportionment:US.BlockGroups,2.191,2.576,1,4808,1891,86,27,13,0,0,7,0,29,11,87,61,70,145,127,80,201,394,0,235,69,98,149,2070,1891,1891,0,0,260,101,68,350,34,24,0,57,27,12,0,123,88,310,0,172,132,134,179,8.6,2926,144,2782
125,Rosemont East,6,NEIGHBORHOODS,4,US,125,BlockApportionment:US.BlockGroups,2.191,2.576,1,173,113,22,17,5,7,0,2,0,7,2,5,0,4,11,3,1,10,12,0,3,0,3,0,113,113,113,0,0,5,15,0,7,0,0,2,11,0,8,0,10,15,9,4,11,4,12,0,0,138,28,110
126,Udall Park,2,NEIGHBORHOODS,5,US,126,BlockApportionment:US.BlockGroups,2.191,2.576,1,280,165,7,7,4,0,0,0,0,41,9,24,0,4,5,0,0,18,30,0,0,0,0,15,177,165,165,0,0,0,0,0,38,0,0,0,4,6,7,0,0,40,39,6,5,8,11,12,6.8,262,28,233
127,Menlo Park,1,NEIGHBORHOODS,6,US,127,BlockApportionment:US.BlockGroups,2.191,2.576,1,4292,1736,94,20,15,40,43,40,21,131,60,123,35,6,151,226,44,90,427,16,28,9,9,110,2154,1736,1736,13,2,47,43,28,140,119,19,27,23,81,125,0,95,215,314,86,188,102,70,417,19.4,3556,282,3274
128,Silverbell Terrace,1,NEIGHBORHOODS,7,US,128,BlockApportionment:US.BlockGroups,2.191,2.576,1,137,79,4,1,6,2,0,1,2,2,3,8,2,3,6,0,1,9,15,0,2,6,0,6,80,79,79,0,2,3,2,0,16,15,0,2,0,1,8,0,4,5,9,1,7,3,2,1,1.2,112,6,106
129,Broadway Pantano East,2,NEIGHBORHOODS,8,US,129,BlockApportionment:US.BlockGroups,2.191,2.576,1,5127,2844,121,181,65,59,10,63,7,109,60,176,38,94,248,95,224,242,595,0,63,144,63,186,3085,2844,2844,0,4,125,138,51,617,158,12,61,152,39,135,0,204,204,352,26,200,168,199,240,7.8,3978,469,3509
130,Miles,5,NEIGHBORHOODS,9,US,130,BlockApportionment:US.BlockGroups,2.191,2.576,1,1158,478,17,0,0,14,13,0,0,90,0,23,0,0,17,11,124,46,9,0,24,55,22,14,501,478,478,0,12,28,14,0,30,17,13,0,0,0,0,0,11,190,23,20,76,44,0,23,4.6,1029,66,962
131,Sierra Estates,5,NEIGHBORHOODS,10,US,131,BlockApportionment:US.BlockGroups,2.191,2.576,1,98,41,3,2,1,0,0,1,0,4,0,2,1,0,4,2,2,6,7,0,0,2,1,1,44,41,41,0,0,0,1,1,10,0,0,1,1,0,2,0,2,5,5,2,7,0,3,3,6.8,84,4,80
132,Silvercroft,1,NEIGHBORHOODS,11,US,132,BlockApportionment:US.BlockGroups,2.191,2.576,1,318,143,1,3,1,0,0,3,0,10,1,3,8,4,25,9,5,16,12,0,13,12,10,7,173,143,143,0,0,18,9,0,22,3,0,1,4,0,5,0,3,8,22,0,36,7,4,30,17.3,230,12,217
133,Brichta,1,NEIGHBORHOODS,12,US,133,BlockApportionment:US.BlockGroups,2.191,2.576,1,503,235,16,6,5,6,2,4,4,20,13,10,9,12,15,6,10,22,35,0,20,7,7,7,262,235,235,0,1,17,18,4,25,4,5,5,1,6,9,0,17,40,33,8,15,11,16,27,10.3,390,41,349
134,Cherry Avenue,5,NEIGHBORHOODS,13,US,134,BlockApportionment:US.BlockGroups,2.191,2.576,1,9310,4470,137,211,35,114,0,36,13,91,33,57,175,88,425,263,200,360,706,1,589,207,259,469,4865,4470,4470,13,13,770,385,43,477,326,41,61,98,61,112,0,361,211,499,34,493,250,221,395,8.1,6760,289,6471
135,Fairgrounds,5,NEIGHBORHOODS,14,US,135,BlockApportionment:US.BlockGroups,2.191,2.576,1,2179,763,33,0,0,11,0,3,0,43,0,27,13,6,85,94,27,22,96,0,167,37,70,29,909,763,763,0,3,217,62,3,26,2,0,11,3,0,16,0,117,83,67,21,89,31,12,145,16,1491,70,1421
136,Bravo Park Lane,5,NEIGHBORHOODS,15,US,136,BlockApportionment:US.BlockGroups,2.191,2.576,1,3186,1206,84,56,0,36,23,10,0,19,16,28,73,12,51,41,52,136,153,0,207,42,126,40,1405,1206,1206,0,0,326,63,9,164,18,0,0,44,0,49,0,95,22,215,0,98,19,85,198,14.1,2136,189,1947
137,Feldman`s,3,NEIGHBORHOODS,16,US,137,BlockApportionment:US.BlockGroups,2.191,2.576,1,2366,1324,73,71,31,9,105,16,0,207,15,66,15,91,218,50,90,84,127,0,3,10,14,30,1424,1324,1324,0,5,4,20,3,89,47,1,64,31,15,72,0,64,368,120,108,263,4,47,100,7,2289,108,2181
138,Sugar Hill,3,NEIGHBORHOODS,17,US,138,BlockApportionment:US.BlockGroups,2.191,2.576,1,1394,664,66,32,1,0,8,16,11,18,28,4,1,58,66,37,34,88,168,0,16,6,5,1,824,664,664,0,3,9,1,1,65,5,3,22,47,23,13,0,67,57,79,103,79,8,78,161,19.5,1300,16,1284
139,Toumey Park,6,NEIGHBORHOODS,18,US,139,BlockApportionment:US.BlockGroups,2.191,2.576,1,1637,1049,28,82,1,15,0,15,0,57,6,15,45,29,100,100,5,232,112,1,43,19,58,86,1091,1049,1049,1,0,122,48,38,248,26,0,17,92,43,1,0,22,96,42,1,67,169,16,42,3.8,1140,118,1022
140,El Encanto Estates,6,NEIGHBORHOODS,19,US,140,BlockApportionment:US.BlockGroups,2.191,2.576,1,329,174,6,6,7,6,6,1,8,43,6,10,6,2,12,5,0,17,25,0,0,2,1,4,180,174,174,0,0,1,8,13,11,3,0,6,3,3,19,0,5,56,26,0,9,5,6,6,3.3,290,10,281
141,Colonia Solana,6,NEIGHBORHOODS,20,US,141,BlockApportionment:US.BlockGroups,2.191,2.576,1,282,194,21,15,4,0,4,6,6,15,16,37,0,22,0,0,0,19,28,0,0,0,0,0,194,194,194,0,0,6,5,0,2,0,0,0,14,20,13,0,18,66,46,0,0,0,4,0,0,255,15,240
142,Winterhaven,3,NEIGHBORHOODS,21,US,142,BlockApportionment:US.BlockGroups,2.191,2.576,1,574,299,20,15,0,12,4,15,10,38,4,47,0,11,14,19,4,45,36,0,3,4,0,0,320,299,299,0,0,4,0,9,52,0,0,0,4,24,23,0,17,40,77,3,5,15,26,21,6.6,466,27,439
143,Barrio Kroeger Lane,1,NEIGHBORHOODS,22,US,143,BlockApportionment:US.BlockGroups,2.191,2.576,1,261,28,6,1,0,2,0,0,0,2,1,2,0,1,2,0,0,2,6,0,1,0,1,2,29,28,28,0,1,0,3,0,6,0,1,0,0,2,2,0,2,3,3,1,2,2,0,1,3.4,254,22,232
144,Palo Verde Park,2,NEIGHBORHOODS,23,US,144,BlockApportionment:US.BlockGroups,2.191,2.576,1,4350,2016,160,56,6,25,0,23,23,163,29,143,8,17,159,148,179,224,260,18,84,122,88,81,2154,2016,2016,14,0,109,131,40,230,77,21,36,129,30,67,0,182,177,359,26,134,174,80,138,6.4,3325,426,2899
145,Aldea Linda,6,NEIGHBORHOODS,24,US,145,BlockApportionment:US.BlockGroups,2.191,2.576,1,286,109,13,6,4,3,3,3,2,2,3,6,0,0,10,0,8,17,8,0,9,7,2,3,109,109,109,0,1,10,0,0,17,4,4,0,0,1,12,0,0,5,26,0,9,6,12,0,0,197,9,188
146,St. Cyrils,6,NEIGHBORHOODS,25,US,146,BlockApportionment:US.BlockGroups,2.191,2.576,1,2340,949,74,11,11,9,4,38,16,13,18,44,28,24,42,157,35,50,240,0,37,0,44,55,1029,949,949,0,0,54,59,31,95,10,25,0,34,35,48,0,154,117,106,51,61,46,24,80,7.8,1894,226,1668
147,Arcadia Rose,6,NEIGHBORHOODS,26,US,147,BlockApportionment:US.BlockGroups,2.191,2.576,1,339,153,16,2,4,0,0,0,5,4,4,11,4,9,16,11,10,8,20,0,11,0,7,10,159,153,153,0,0,11,11,3,14,0,0,0,0,8,7,0,9,13,19,17,19,17,5,6,3.8,301,39,262
148,Saguaro Canyon,4,NEIGHBORHOODS,27,US,148,BlockApportionment:US.BlockGroups,2.191,2.576,1,786,289,37,22,12,14,1,3,1,27,3,17,4,10,14,12,9,42,24,1,9,0,12,15,303,289,289,1,1,13,32,3,29,8,6,3,27,4,26,0,15,36,32,12,12,2,28,14,4.6,579,109,470
149,Barrio Nopal,1,NEIGHBORHOODS,28,US,149,BlockApportionment:US.BlockGroups,2.191,2.576,1,5508,2344,65,88,7,0,0,14,12,102,7,32,26,78,189,198,170,270,397,0,172,163,214,139,2719,2344,2344,0,0,289,190,55,339,163,7,11,48,14,84,0,242,215,201,71,204,123,87,375,13.8,3641,116,3525
150,Santiago Hills,1,NEIGHBORHOODS,29,US,150,BlockApportionment:US.BlockGroups,2.191,2.576,1,1018,461,58,13,21,10,6,14,37,36,35,29,0,12,29,10,8,37,58,0,15,16,6,9,478,461,461,0,0,7,12,4,29,31,0,13,13,7,100,0,19,70,43,9,26,22,56,17,3.6,861,92,769
151,Coronado Heights,3,NEIGHBORHOODS,0,US,151,BlockApportionment:US.BlockGroups,2.191,2.576,1,1527,438,10,9,6,0,0,6,0,0,8,0,47,0,18,48,37,122,38,0,7,27,14,41,573,438,438,0,0,8,12,0,148,8,0,0,4,16,0,0,58,12,89,0,23,56,5,135,23.6,1196,137,1060
152,Harold Bell Wright Estates,2,NEIGHBORHOODS,1,US,152,BlockApportionment:US.BlockGroups,2.191,2.576,1,1011,321,62,12,4,9,0,0,0,6,0,45,6,7,18,15,24,50,45,0,19,0,0,0,352,321,321,0,0,50,0,0,6,0,34,0,0,26,18,0,13,5,70,10,65,5,19,30,8.5,905,128,777
153,Carriage Park,2,NEIGHBORHOODS,2,US,153,BlockApportionment:US.BlockGroups,2.191,2.576,1,7487,3635,154,179,107,112,41,46,14,248,42,177,38,197,250,191,198,439,731,10,116,81,124,140,3802,3635,3635,9,0,213,218,13,548,131,15,69,134,92,218,10,301,258,629,53,307,153,264,167,4.4,6053,571,5482
154,Copper Vista,5,NEIGHBORHOODS,3,US,154,BlockApportionment:US.BlockGroups,2.191,2.576,1,1814,770,6,3,1,0,0,5,0,27,0,38,7,20,84,105,34,44,70,0,197,22,63,45,892,770,770,0,2,195,17,3,128,35,0,2,4,6,4,0,99,53,42,21,84,61,15,121,13.6,1169,15,1154
155,West Lamar City Acres,5,NEIGHBORHOODS,4,US,155,BlockApportionment:US.BlockGroups,2.191,2.576,1,440,189,23,0,0,0,0,0,0,7,0,2,2,2,20,22,19,48,11,0,24,4,0,4,193,189,189,0,0,35,0,0,30,9,0,12,0,0,5,0,4,11,36,8,19,9,12,4,2.1,345,48,297
156,Loma Verde,6,NEIGHBORHOODS,5,US,156,BlockApportionment:US.BlockGroups,2.191,2.576,1,564,250,25,6,10,6,0,3,8,18,1,9,2,7,14,40,4,32,42,0,10,2,2,9,274,250,250,1,0,14,6,3,39,10,1,6,2,3,24,0,35,34,17,3,28,7,15,24,8.8,461,40,422
157,Downtown,1,NEIGHBORHOODS,6,US,157,BlockApportionment:US.BlockGroups,2.191,2.576,1,196,91,4,0,5,4,2,2,1,14,10,4,0,0,22,2,0,11,7,0,0,0,2,0,94,91,91,2,0,0,11,1,5,0,2,9,1,1,3,0,6,18,7,1,21,2,3,3,3.2,168,21,147
158,Barrio Santa Cruz,1,NEIGHBORHOODS,7,US,158,BlockApportionment:US.BlockGroups,2.191,2.576,1,163,48,6,0,0,1,0,0,0,2,0,2,5,2,10,4,0,6,4,0,4,0,0,1,56,48,48,0,0,4,1,0,8,0,0,0,0,1,1,0,1,3,8,0,18,1,3,8,14.3,144,12,133
159,Bonanza,2,NEIGHBORHOODS,8,US,159,BlockApportionment:US.BlockGroups,2.191,2.576,1,4655,2646,194,121,108,67,55,42,16,137,25,349,75,82,229,53,123,265,390,0,64,35,48,168,2745,2646,2646,0,10,68,34,67,329,97,36,47,141,16,192,0,163,198,492,88,239,144,285,99,3.6,3787,506,3281
